{"stats":{"minecraft:picked_up":{"minecraft:lead":2,"minecraft:gold_nugget":38,"iceandfire:chared_dirt":1,"iceandfire:spawn_egg_fire_dragon":1,"minecraft:egg":3},"minecraft:killed":{"minecraft:trader_llama":2,"minecraft:wandering_trader":1,"eternal_tales:firefly_mob":1},"minecraft:custom":{"minecraft:open_chest":2,"minecraft:time_since_rest":111284,"minecraft:crouch_one_cm":382,"minecraft:sprint_one_cm":15843,"lootr:looted_stat":12,"minecraft:play_time":120585,"minecraft:damage_taken":250,"minecraft:deaths":1,"minecraft:walk_one_cm":34046,"minecraft:sneak_time":460,"minecraft:mob_kills":4,"minecraft:drop":8,"tombstone:villager_killed":1,"minecraft:jump":153,"minecraft:damage_dealt":790,"minecraft:leave_game":3,"minecraft:time_since_death":111935,"minecraft:total_world_time":120585,"minecraft:talked_to_villager":2,"minecraft:fall_one_cm":743,"minecraft:fly_one_cm":713206,"minecraft:open_barrel":2},"minecraft:dropped":{"iceandfire:chared_dirt":1,"eternal_tales:green_caramel":1,"iceandfire:spawn_egg_fire_dragon":1,"minecraft:brown_stained_glass_pane":1,"minecraft:flint_and_steel":1,"minecraft:egg":3},"minecraft:used":{"eternal_tales:green_caramel":6,"minecraft:brown_stained_glass_pane":2,"minecraft:flint_and_steel":3,"eternal_tales:comets":1,"projecte:dm_sword":7,"eternal_tales:comet_bricks":4,"minecraft:egg":56,"minecraft:cooked_beef":1,"eternal_tales:speech_skill_stone_active":2,"eternal_tales:comet_glowstone":2}},"DataVersion":3465}